toanle312,mmmm
duongsan142,hihihi
ntphong312,hehehe
lnk312,huhuhu
20120357,117,.\Classes\2021-2022\21CTT3.csv
15515151,009,.\Classes\2021-2022\21CTT3.csv
38736868,202,.\Classes\2021-2022\21CTT3.csv
46834384,356,.\Classes\2021-2022\21CTT3.csv
34843463,998,.\Classes\2021-2022\21CTT3.csv
20120356,123,.\Classes\2020-2021\20CTT3.csv
20120999,498,.\Classes\2020-2021\20CTT3.csv
21312311,454,.\Classes\2020-2021\20CTT3.csv
20120111,123,.\Classes\2019-2020\19HOH3.csv
20120001,498,.\Classes\2019-2020\19HOH3.csv
21319011,454,.\Classes\2019-2020\19HOH3.csv
20120386,111,.\Classes\2020-2021\20CTT3.csv
